{"Pro_Key":"8ivuor4bepa3tqrm","Dp_Data":[{"attr":640,"canTrigger":true,"code":"temp_current","defaultRecommend":true,"defaultValue":"","desc":"","editPermission":false,"executable":true,"extContent":"{\"trigger\":\"direct\"}","id":1,"mode":"ro","name":"当前温度","property":{"unit":"℃","min":-200,"max":600,"scale":1,"step":1,"type":"value"},"trigger":"direct","type":"obj"},{"attr":640,"canTrigger":true,"code":"humidity_value","defaultRecommend":true,"defaultValue":"","desc":"","editPermission":false,"executable":true,"extContent":"{\"trigger\":\"direct\"}","id":2,"mode":"ro","name":"当前湿度","property":{"unit":"%","min":0,"max":100,"scale":0,"step":1,"type":"value"},"trigger":"direct","type":"obj"},{"attr":128,"canTrigger":true,"code":"battery_state","defaultRecommend":false,"defaultValue":"","desc":"","editPermission":false,"executable":true,"extContent":"{\"trigger\":\"direct\"}","id":3,"mode":"ro","name":"电池电量状态","property":{"range":["low","middle","high"],"type":"enum"},"trigger":"direct","type":"obj"},{"attr":128,"canTrigger":true,"code":"battery_percentage","defaultRecommend":false,"defaultValue":"","desc":"","editPermission":false,"executable":true,"extContent":"{\"trigger\":\"direct\"}","id":4,"mode":"ro","name":"电池电量","property":{"unit":"%","min":0,"max":100,"scale":0,"step":1,"type":"value"},"trigger":"direct","type":"obj"},{"attr":128,"canTrigger":true,"code":"tamper_alarm","defaultRecommend":false,"defaultValue":"","desc":"","editPermission":false,"executable":true,"extContent":"","id":5,"mode":"ro","name":"防拆报警","property":{"type":"bool"},"type":"obj"},{"attr":128,"canTrigger":true,"code":"temp_sampling","defaultRecommend":false,"defaultValue":"","desc":"","editPermission":false,"executable":true,"extContent":"","id":6,"mode":"rw","name":"温度采样时间设置","property":{"unit":"s","min":0,"max":3600,"scale":0,"step":1,"type":"value"},"type":"obj"},{"attr":128,"canTrigger":true,"code":"humidity_sampling","defaultRecommend":false,"defaultValue":"","desc":"","editPermission":false,"executable":true,"extContent":"","id":7,"mode":"rw","name":"湿度采样时间设置","property":{"unit":"s","min":0,"max":3600,"scale":0,"step":1,"type":"value"},"type":"obj"},{"attr":128,"canTrigger":true,"code":"charge_state","defaultRecommend":false,"defaultValue":"","desc":"","editPermission":false,"executable":true,"extContent":"","id":8,"mode":"ro","name":"充电状态","property":{"type":"bool"},"type":"obj"},{"attr":128,"canTrigger":true,"code":"temp_unit_convert","defaultRecommend":false,"defaultValue":"","desc":"","editPermission":false,"executable":true,"extContent":"","id":9,"mode":"rw","name":"温标切换","property":{"range":["c","f"],"type":"enum"},"type":"obj"},{"attr":128,"canTrigger":true,"code":"maxtemp_set","defaultRecommend":false,"defaultValue":"","desc":"","editPermission":false,"executable":true,"extContent":"","id":10,"mode":"rw","name":"温度上限设置","property":{"unit":"℃","min":-200,"max":600,"scale":1,"step":1,"type":"value"},"type":"obj"},{"attr":128,"canTrigger":true,"code":"minitemp_set","defaultRecommend":false,"defaultValue":"","desc":"","editPermission":false,"executable":true,"extContent":"","id":11,"mode":"rw","name":"温度下限设置","property":{"unit":"℃","min":-200,"max":600,"scale":1,"step":1,"type":"value"},"type":"obj"},{"attr":128,"canTrigger":true,"code":"maxhum_set","defaultRecommend":false,"defaultValue":"","desc":"","editPermission":false,"executable":true,"extContent":"","id":12,"mode":"rw","name":"湿度上限设置","property":{"unit":"%","min":0,"max":100,"scale":0,"step":1,"type":"value"},"type":"obj"},{"attr":128,"canTrigger":true,"code":"minihum_set","defaultRecommend":false,"defaultValue":"","desc":"","editPermission":false,"executable":true,"extContent":"","id":13,"mode":"rw","name":"湿度下限设置","property":{"unit":"%","min":0,"max":100,"scale":0,"step":1,"type":"value"},"type":"obj"},{"attr":128,"canTrigger":true,"code":"temp_alarm","defaultRecommend":false,"defaultValue":"","desc":"","editPermission":false,"executable":true,"extContent":"","id":14,"mode":"ro","name":"温度报警","property":{"range":["loweralarm","upperalarm","cancel"],"type":"enum"},"type":"obj"},{"attr":128,"canTrigger":true,"code":"hum_alarm","defaultRecommend":false,"defaultValue":"","desc":"","editPermission":false,"executable":true,"extContent":"","id":15,"mode":"ro","name":"湿度报警","property":{"range":["loweralarm","upperalarm","cancel"],"type":"enum"},"type":"obj"},{"attr":128,"canTrigger":true,"code":"bright_value","defaultRecommend":false,"defaultValue":"","desc":"","editPermission":false,"executable":true,"extContent":"","id":16,"mode":"rw","name":"当前亮度值","property":{"unit":"lux","min":0,"max":1000,"scale":0,"step":1,"type":"value"},"type":"obj"},{"attr":128,"canTrigger":true,"code":"temp_periodic_report","defaultRecommend":false,"defaultValue":"","desc":"","editPermission":false,"executable":true,"extContent":"","id":17,"mode":"rw","name":"温度周期上报","property":{"unit":"min","min":1,"max":60,"scale":0,"step":1,"type":"value"},"type":"obj"},{"attr":128,"canTrigger":true,"code":"hum_periodic_report","defaultRecommend":false,"defaultValue":"","desc":"","editPermission":false,"executable":true,"extContent":"","id":18,"mode":"rw","name":"湿度周期上报","property":{"unit":"min","min":1,"max":60,"scale":0,"step":1,"type":"value"},"type":"obj"},{"attr":128,"canTrigger":true,"code":"temp_sensitivity","defaultRecommend":false,"defaultValue":"","desc":"","editPermission":false,"executable":true,"extContent":"","id":19,"mode":"rw","name":"温度灵敏度","property":{"unit":"℃","min":3,"max":10,"scale":1,"step":1,"type":"value"},"type":"obj"},{"attr":128,"canTrigger":true,"code":"hum_sensitivity","defaultRecommend":false,"defaultValue":"","desc":"","editPermission":false,"executable":true,"extContent":"","id":20,"mode":"rw","name":"湿度灵敏度","property":{"unit":"%","min":3,"max":10,"scale":0,"step":1,"type":"value"},"type":"obj"},{"attr":128,"canTrigger":true,"code":"switch","defaultRecommend":false,"defaultValue":"","desc":"","editPermission":false,"executable":true,"extContent":"","id":21,"mode":"rw","name":"开关","property":{"type":"bool"},"type":"obj"},{"attr":128,"canTrigger":true,"code":"temp_set","defaultRecommend":false,"defaultValue":"","desc":"","editPermission":false,"executable":true,"extContent":"","id":22,"mode":"rw","name":"温度设置","property":{"unit":"℃","min":50,"max":350,"scale":5,"step":1,"type":"value"},"type":"obj"}]}