{"Pro_Key":"y5evefdaumeuzapu","Dp_Data":[{"attr":1667,"canTrigger":true,"code":"switch_led","defaultRecommend":true,"defaultValue":"","desc":"","editPermission":true,"executable":true,"extContent":"","iconname":"icon-dp_power2","id":20,"mode":"rw","name":"开关","property":{"type":"bool"},"type":"obj"},{"attr":1760,"canTrigger":false,"code":"work_mode","defaultRecommend":true,"defaultValue":"","desc":"","editPermission":true,"executable":false,"extContent":"","iconname":"icon-dp_mode","id":21,"mode":"rw","name":"模式","property":{"range":["white","colour","scene","music"],"type":"enum"},"type":"obj"},{"attr":1154,"canTrigger":true,"code":"bright_value","defaultRecommend":false,"defaultValue":"","desc":"","editPermission":true,"executable":true,"extContent":"","iconname":"icon-liangdu","id":22,"mode":"rw","name":"亮度值","property":{"min":10,"max":1000,"scale":0,"step":1,"type":"value"},"type":"obj"},{"attr":1154,"canTrigger":true,"code":"temp_value","defaultRecommend":false,"defaultValue":"","desc":"","editPermission":true,"executable":true,"extContent":"","iconname":"icon-lengnuan","id":23,"mode":"rw","name":"冷暖值","property":{"min":0,"max":1000,"scale":0,"step":1,"type":"value"},"type":"obj"},{"attr":1152,"canTrigger":true,"code":"colour_data","defaultRecommend":false,"defaultValue":"","desc":"类型：字符；\nValue: 000011112222；\n0000：H（色度：0-360，0X0000-0X0168）；\n1111：S (饱和：0-1000, 0X0000-0X03E8）；\n2222：V (明度：0-1000，0X0000-0X03E8)","editPermission":true,"executable":true,"extContent":"","iconname":"icon-dp_mode","id":24,"mode":"rw","name":"彩光","property":{"type":"string","maxlen":255},"type":"obj"},{"attr":1152,"canTrigger":true,"code":"scene_data","defaultRecommend":false,"defaultValue":"","desc":"类型：字符; \nValue: 0011223344445555666677778888;\n00：情景号;\n11：单元切换间隔时间（0-100）;\n22：单元变化时间（0-100）;\n33：单元变化模式（0静态1跳变2渐变）;\n4444：H（色度：0-360，0X0000-0X0168）;\n5555：S (饱和：0-1000, 0X0000-0X03E8);\n6666：V (明度：0-1000，0X0000-0X03E8);\n7777：白光亮度（0-1000）;\n8888：色温值（0-1000）;\n注：数字1-8的标号对应有多少单元就有多少组","editPermission":true,"executable":true,"extContent":"","iconname":"icon-dp_mode","id":25,"mode":"rw","name":"场景","property":{"type":"string","maxlen":255},"type":"obj"},{"attr":1154,"canTrigger":true,"code":"countdown","defaultRecommend":false,"defaultValue":"","desc":"","editPermission":true,"executable":true,"extContent":"","iconname":"icon-dp_time2","id":26,"mode":"rw","name":"倒计时剩余时间","property":{"unit":"s","min":0,"max":86400,"scale":0,"step":1,"type":"value"},"type":"obj"},{"attr":1152,"canTrigger":true,"code":"music_data","defaultRecommend":false,"defaultValue":"","desc":"类型：字符串；\nValue: 011112222333344445555；\n0：   变化方式，0表示直接输出，1表示渐变；\n1111：H（色度：0-360，0X0000-0X0168）；\n2222：S (饱和：0-1000, 0X0000-0X03E8）；\n3333：V (明度：0-1000，0X0000-0X03E8）；\n4444：白光亮度（0-1000）；\n5555：色温值（0-1000）","editPermission":true,"executable":true,"extContent":"","iconname":"icon-deng","id":27,"mode":"wr","name":"音乐灯","property":{"type":"string","maxlen":255},"type":"obj"},{"attr":1152,"canTrigger":true,"code":"control_data","defaultRecommend":false,"defaultValue":"","desc":"类型：字符串 ;\nValue: 011112222333344445555  ;\n0：   变化方式，0表示直接输出，1表示渐变;\n1111：H（色度：0-360，0X0000-0X0168）;\n2222：S (饱和：0-1000, 0X0000-0X03E8);\n3333：V (明度：0-1000，0X0000-0X03E8);\n4444：白光亮度（0-1000）;\n5555：色温值（0-1000）","editPermission":true,"executable":true,"extContent":"","iconname":"icon-setting","id":28,"mode":"wr","name":"调节","property":{"type":"string","maxlen":255},"type":"obj"},{"attr":1152,"canTrigger":true,"code":"sleep_mode","defaultRecommend":false,"defaultValue":"","desc":"灯光按设定的时间淡出直至熄灭","editPermission":true,"executable":true,"extContent":"","iconname":"icon-dp_sleep","id":31,"mode":"rw","name":"入睡","property":{"type":"raw","maxlen":"255"},"type":"raw"},{"attr":1152,"canTrigger":true,"code":"wakeup_mode","defaultRecommend":false,"defaultValue":"","desc":"灯光按设定的时间淡出直至熄灭","editPermission":true,"executable":true,"extContent":"","iconname":"icon-dp_notice","id":32,"mode":"rw","name":"唤醒","property":{"type":"raw","maxlen":"255"},"type":"raw"},{"attr":1152,"canTrigger":true,"code":"power_memory","defaultRecommend":false,"defaultValue":"","desc":"通电后，灯亮起的状态","editPermission":true,"executable":true,"extContent":"","iconname":"icon-Trigger","id":33,"mode":"rw","name":"断电记忆","property":{"type":"raw","maxlen":"255"},"type":"raw"},{"attr":1152,"canTrigger":true,"code":"do_not_disturb","defaultRecommend":false,"defaultValue":"","desc":"适用经常停电区域，开启通电勿扰，通过APP关灯需连续两次上电才会亮灯","editPermission":true,"executable":true,"extContent":"","iconname":"icon-dp_mode","id":34,"mode":"rw","name":"勿扰模式","property":{"type":"bool"},"type":"obj"},{"attr":1664,"canTrigger":true,"code":"dreamlight_scene_mode","defaultRecommend":true,"defaultValue":"","desc":"专门用于幻彩灯带场景","editPermission":true,"executable":true,"extContent":"","iconname":"icon-dp_mode","id":51,"mode":"rw","name":"炫彩情景","property":{"type":"raw","maxlen":"255"},"type":"raw"},{"attr":1664,"canTrigger":true,"code":"dreamlightmic_music_data","defaultRecommend":true,"defaultValue":"","desc":"专门用于幻彩灯带外置麦克风音乐律动","editPermission":true,"executable":true,"extContent":"","iconname":"icon-dp_mode","id":52,"mode":"rw","name":"炫彩本地音乐律动","property":{"type":"raw","maxlen":"255"},"type":"raw"},{"attr":1152,"canTrigger":true,"code":"lightpixel_number_set","defaultRecommend":false,"defaultValue":"","desc":"幻彩灯带裁剪之后重新设置长度","editPermission":true,"executable":true,"extContent":"","iconname":"icon-gongneng","id":53,"mode":"rw","name":"点数/长度设置","property":{"min":1,"max":1000,"scale":1,"step":1,"type":"value"},"type":"obj"}]}